Catalog,Location,Start Year,Center Lat,Center Long,Del Lat,Del Long,Max Depth,Compl. Mag,Delta Deg,GridSize Deg,Mag Large,Min Mag,Max Lambda,Min Lambda,Nsteps,Fcast (Yr)
LosAngeles,Los Angeles,1970,34.0522,-118.2437,10,10,35,2.99,5,1,6.75,3.29,1000000,1.8,36,3
Tokyo,Tokyo,1990,35.6762,139.6503,10,10,35,3,5,1,7,5,1,1.1,21,8
Greece,Karpenissi,1990,38.9149,21.7936,10,10,35,3,2,1,6.25,4,1,1.5,30,8
Chile,Maule,2000,-35.5183,-71.6885,10,10,35,3,5,1,7,4,0.75,3,21,3.5
Taiwan,Taipei,1970,25.033,121.5654,10,10,35,2.99,5,1,7.25,4,1000000,1.8,36,7.5